03ENJ6XM,1,0,http://www.wikidata.org/entity/Q5145884
03ENJ6XM,2,0,http://www.wikidata.org/entity/Q14877683
08IZY6G9,1,0,http://www.wikidata.org/entity/Q5145884
08IZY6G9,1,1,http://www.wikidata.org/entity/Q43183
08IZY6G9,1,2,http://www.wikidata.org/entity/Q43183
08IZY6G9,2,0,http://www.wikidata.org/entity/Q14877683
08IZY6G9,2,1,http://www.wikidata.org/entity/Q1249255
08IZY6G9,2,2,http://www.wikidata.org/entity/Q1953
0CZW7M0F,1,0,http://www.wikidata.org/entity/Q5145884
0DYQDSCY,1,0,http://www.wikidata.org/entity/Q5145884
0ER7T81U,1,0,http://www.wikidata.org/entity/Q5145884
0JGLUKC7,1,0,http://www.wikidata.org/entity/Q5145884
0JLTIHOL,1,0,http://www.wikidata.org/entity/Q5145884
0JLTIHOL,1,1,http://www.wikidata.org/entity/Q160236
0LBWW5L4,1,0,http://www.wikidata.org/entity/Q5145884
0N0NEYH9,1,0,http://www.wikidata.org/entity/Q5145884
0N5SQTLA,1,0,http://www.wikidata.org/entity/Q5145884
0OE5OCRQ,1,0,http://www.wikidata.org/entity/Q5145884
0WE6LMVO,1,0,http://www.wikidata.org/entity/Q5145884
0WE6LMVO,2,0,http://www.wikidata.org/entity/Q14877683
0WPFA2SX,1,0,http://www.wikidata.org/entity/Q5145884
0WPFA2SX,1,1,http://www.wikidata.org/entity/Q11472
0WPFA2SX,1,2,http://www.wikidata.org/entity/Q14674
0WPFA2SX,2,0,http://www.wikidata.org/entity/Q14877683
0WPFA2SX,2,1,http://www.wikidata.org/entity/Q2780100
0WPFA2SX,2,2,http://www.wikidata.org/entity/Q15874141
0WPFA2SX,3,0,http://www.wikidata.org/entity/Q5145885
0WPFA2SX,3,3,http://www.wikidata.org/entity/Q47458848
0WR8HB5F,1,0,http://www.wikidata.org/entity/Q5145884
10BWA0TL,1,0,http://www.wikidata.org/entity/Q5145884
10NIEV07,1,0,http://www.wikidata.org/entity/Q5145884
10NIEV07,1,2,http://www.wikidata.org/entity/Q19243637
10NIEV07,2,0,http://www.wikidata.org/entity/Q14877683
10NIEV07,2,2,http://www.wikidata.org/entity/Q2495519
10NIEV07,3,0,http://www.wikidata.org/entity/Q5145885
10NIEV07,3,2,http://www.wikidata.org/entity/Q96896251
15MW7OIW,1,0,http://www.wikidata.org/entity/Q5145884
16WN39MK,1,0,http://www.wikidata.org/entity/Q5145884
16WN39MK,1,1,http://www.wikidata.org/entity/Q59148
17ZWOR3H,1,0,http://www.wikidata.org/entity/Q5145884
17ZWOR3H,2,0,http://www.wikidata.org/entity/Q14877683
1FC2QYZ7,1,0,http://www.wikidata.org/entity/Q5145884
1FC2QYZ7,2,0,http://www.wikidata.org/entity/Q14877683
1KXJTLWQ,1,0,http://www.wikidata.org/entity/Q5145884
1MU06NLK,1,0,http://www.wikidata.org/entity/Q5145884
1NLZ9DZM,1,0,http://www.wikidata.org/entity/Q5145884
1P13VPP7,1,0,http://www.wikidata.org/entity/Q5145884
1P13VPP7,1,1,http://www.wikidata.org/entity/Q17297633
1Q9AQVZ4,1,0,http://www.wikidata.org/entity/Q5145884
1Q9AQVZ4,2,0,http://www.wikidata.org/entity/Q14877683
1Q9AQVZ4,2,2,http://www.wikidata.org/entity/Q154668
1RLHV3VU,1,0,http://www.wikidata.org/entity/Q5145884
1RLHV3VU,1,1,http://www.wikidata.org/entity/Q7520
1S6DNZQZ,1,0,http://www.wikidata.org/entity/Q5145884
1V4KDGGZ,1,0,http://www.wikidata.org/entity/Q5145884
1V4KDGGZ,2,0,http://www.wikidata.org/entity/Q14877683
1V4KDGGZ,3,0,http://www.wikidata.org/entity/Q5145885
1W08NBUM,1,0,http://www.wikidata.org/entity/Q5145884
1W08NBUM,2,0,http://www.wikidata.org/entity/Q14877683
1XE9BS7D,1,0,http://www.wikidata.org/entity/Q5145884
1Z7TZO5Y,1,0,http://www.wikidata.org/entity/Q5145884
1Z7TZO5Y,1,1,http://www.wikidata.org/entity/Q14250454
1ZBSGT5O,1,0,http://www.wikidata.org/entity/Q5145884
1ZBSGT5O,1,1,http://www.wikidata.org/entity/Q1779
1ZBSGT5O,2,0,http://www.wikidata.org/entity/Q14877683
22RW4XSQ,1,0,http://www.wikidata.org/entity/Q5145884
22RW4XSQ,1,1,http://www.wikidata.org/entity/Q20
28LTVSGN,1,0,http://www.wikidata.org/entity/Q5145884
28NX4BKN,1,0,http://www.wikidata.org/entity/Q5145884
28NX4BKN,1,1,http://www.wikidata.org/entity/Q3141
298K62MT,1,0,http://www.wikidata.org/entity/Q5145884
29PJJKO1,1,0,http://www.wikidata.org/entity/Q5145884
2AX6EPDA,1,0,http://www.wikidata.org/entity/Q5145884
2CRZ98JZ,1,0,http://www.wikidata.org/entity/Q5145884
2D218JBS,1,0,http://www.wikidata.org/entity/Q5145884
2F8S19XX,1,0,http://www.wikidata.org/entity/Q5145884
2HLB6GPC,1,0,http://www.wikidata.org/entity/Q5145884
2HLB6GPC,1,1,http://www.wikidata.org/entity/Q6540
2HLB6GPC,2,0,http://www.wikidata.org/entity/Q14877683
2JE2A69L,1,0,http://www.wikidata.org/entity/Q5145884
2KSWHXRR,1,0,http://www.wikidata.org/entity/Q5145884
2KSWHXRR,1,1,http://www.wikidata.org/entity/Q54855
2SAD93QZ,1,0,http://www.wikidata.org/entity/Q5145884
2SAD93QZ,1,2,http://www.wikidata.org/entity/Q593966
2SAD93QZ,2,0,http://www.wikidata.org/entity/Q14877683
2SAD93QZ,2,2,http://www.wikidata.org/entity/Q507256
2SLP036H,1,0,http://www.wikidata.org/entity/Q5145884
2VVLNDA8,1,0,http://www.wikidata.org/entity/Q5145884
2VVLNDA8,1,1,http://www.wikidata.org/entity/Q18111
2XTQDLHR,1,0,http://www.wikidata.org/entity/Q5145884
37O08NT0,1,0,http://www.wikidata.org/entity/Q5145884
37O08NT0,2,0,http://www.wikidata.org/entity/Q14877683
37O08NT0,3,0,http://www.wikidata.org/entity/Q5145885
39DKHTFY,1,0,http://www.wikidata.org/entity/Q5145884
3EXEASJX,1,0,http://www.wikidata.org/entity/Q5145884
3F3A8IY2,1,0,http://www.wikidata.org/entity/Q5145884
3F3A8IY2,1,1,http://www.wikidata.org/entity/Q3142829
3LRK5GZX,1,0,http://www.wikidata.org/entity/Q5145884
3LRK5GZX,1,1,http://www.wikidata.org/entity/Q1158367
3NS7HOL5,1,0,http://www.wikidata.org/entity/Q5145884
3PP6R2LE,1,0,http://www.wikidata.org/entity/Q5145884
3PP6R2LE,2,0,http://www.wikidata.org/entity/Q14877683
3Q8MYFHL,1,0,http://www.wikidata.org/entity/Q5145884
3Q8MYFHL,2,0,http://www.wikidata.org/entity/Q14877683
3S53OZSF,1,0,http://www.wikidata.org/entity/Q5145884
3X518GM9,1,0,http://www.wikidata.org/entity/Q5145884
3YQSKSKG,1,0,http://www.wikidata.org/entity/Q5145884
3YQSKSKG,2,0,http://www.wikidata.org/entity/Q14877683
3YQSKSKG,3,0,http://www.wikidata.org/entity/Q5145885
43C8NJEG,1,0,http://www.wikidata.org/entity/Q5145884
446GOT7F,1,0,http://www.wikidata.org/entity/Q5145884
44WXF9VM,1,0,http://www.wikidata.org/entity/Q5145884
44WXF9VM,1,1,http://www.wikidata.org/entity/Q86198828
48MXHK0Q,1,0,http://www.wikidata.org/entity/Q5145884
48MXHK0Q,1,1,http://www.wikidata.org/entity/Q16059687
48MXHK0Q,2,0,http://www.wikidata.org/entity/Q14877683
491H44F5,1,0,http://www.wikidata.org/entity/Q5145884
4FHF16G2,1,0,http://www.wikidata.org/entity/Q5145884
4HBM3VWD,1,0,http://www.wikidata.org/entity/Q5145884
4N1WS49F,1,0,http://www.wikidata.org/entity/Q5145884
4N1WS49F,2,0,http://www.wikidata.org/entity/Q14877683
4N1WS49F,3,1,http://www.wikidata.org/entity/Q712701
4OFNP890,1,0,http://www.wikidata.org/entity/Q5145884
4OFNP890,2,0,http://www.wikidata.org/entity/Q14877683
4OH908JW,1,0,http://www.wikidata.org/entity/Q5145884
4OH908JW,2,0,http://www.wikidata.org/entity/Q14877683
4TKPDEVH,1,0,http://www.wikidata.org/entity/Q5145884
4ZSVT7WB,1,0,http://www.wikidata.org/entity/Q5145884
4ZSVT7WB,1,1,http://www.wikidata.org/entity/Q117023754
4ZVYC7IO,1,0,http://www.wikidata.org/entity/Q5145884
4ZVYC7IO,1,1,http://www.wikidata.org/entity/Q61711938
54INPBKD,1,0,http://www.wikidata.org/entity/Q5145884
54ZDXWQJ,1,0,http://www.wikidata.org/entity/Q5145884
54ZDXWQJ,2,0,http://www.wikidata.org/entity/Q14877683
54ZDXWQJ,3,0,http://www.wikidata.org/entity/Q5145885
5AIDV3GV,1,0,http://www.wikidata.org/entity/Q5145884
5ARFKJBD,1,0,http://www.wikidata.org/entity/Q5145884
5ARFKJBD,1,1,http://www.wikidata.org/entity/Q7831343
5BBSZ3DP,1,0,http://www.wikidata.org/entity/Q5145884
5FQG9W2C,1,0,http://www.wikidata.org/entity/Q5145884
5HWE1O04,1,0,http://www.wikidata.org/entity/Q5145884
5MRPQDGZ,1,0,http://www.wikidata.org/entity/Q5145884
5MRPQDGZ,1,1,http://www.wikidata.org/entity/Q629
5PLSHCFK,1,0,http://www.wikidata.org/entity/Q5145884
5PLSHCFK,2,0,http://www.wikidata.org/entity/Q14877683
5WYXNJYF,1,0,http://www.wikidata.org/entity/Q5145884
5XPF2O4G,1,0,http://www.wikidata.org/entity/Q5145884
5YIWU8K8,1,0,http://www.wikidata.org/entity/Q5145884
5YIWU8K8,2,0,http://www.wikidata.org/entity/Q14877683
61WOFTX6,1,0,http://www.wikidata.org/entity/Q5145884
61WOFTX6,2,0,http://www.wikidata.org/entity/Q14877683
61WOFTX6,3,0,http://www.wikidata.org/entity/Q5145885
65VIPZJW,1,0,http://www.wikidata.org/entity/Q5145884
6948Q4IG,1,0,http://www.wikidata.org/entity/Q5145884
6DF72Y56,1,0,http://www.wikidata.org/entity/Q5145884
6DF72Y56,1,1,http://www.wikidata.org/entity/Q43183
6DF72Y56,1,2,http://www.wikidata.org/entity/Q43183
6DF72Y56,2,0,http://www.wikidata.org/entity/Q14877683
6DF72Y56,2,1,http://www.wikidata.org/entity/Q3565942
6DF72Y56,2,2,http://www.wikidata.org/entity/Q1470406
6G957XWT,1,0,http://www.wikidata.org/entity/Q5145884
6H4X23IR,1,0,http://www.wikidata.org/entity/Q5145884
6KJ5X8V6,1,0,http://www.wikidata.org/entity/Q5145884
6KJ5X8V6,1,1,http://www.wikidata.org/entity/Q17427
6RTGWWDZ,1,0,http://www.wikidata.org/entity/Q5145884
6RTGWWDZ,1,2,http://www.wikidata.org/entity/Q712995
6RTGWWDZ,2,0,http://www.wikidata.org/entity/Q14877683
6RTGWWDZ,2,2,http://www.wikidata.org/entity/Q502732
6U27YPYQ,1,0,http://www.wikidata.org/entity/Q5145884
6U27YPYQ,1,1,http://www.wikidata.org/entity/Q3039938
6U27YPYQ,2,0,http://www.wikidata.org/entity/Q14877683
6U27YPYQ,2,2,http://www.wikidata.org/entity/Q782875
6W4T0PHG,1,0,http://www.wikidata.org/entity/Q5145884
6WQ0WPPJ,1,0,http://www.wikidata.org/entity/Q5145884
6WQ0WPPJ,2,0,http://www.wikidata.org/entity/Q14877683
6XK7QOO7,1,0,http://www.wikidata.org/entity/Q5145884
6XK7QOO7,2,0,http://www.wikidata.org/entity/Q14877683
6ZC8CBT4,1,0,http://www.wikidata.org/entity/Q5145884
6ZC8CBT4,2,0,http://www.wikidata.org/entity/Q14877683
6ZC8CBT4,3,0,http://www.wikidata.org/entity/Q5145885
72GRNXHZ,1,0,http://www.wikidata.org/entity/Q5145884
74EWSF9F,1,0,http://www.wikidata.org/entity/Q5145884
77ORCV06,1,0,http://www.wikidata.org/entity/Q5145884
7E95YXCI,1,0,http://www.wikidata.org/entity/Q5145884
7E95YXCI,2,0,http://www.wikidata.org/entity/Q14877683
7H4WB3MC,1,0,http://www.wikidata.org/entity/Q5145884
7IIHLSVO,1,0,http://www.wikidata.org/entity/Q5145884
7IIHLSVO,2,0,http://www.wikidata.org/entity/Q14877683
7IIHLSVO,3,0,http://www.wikidata.org/entity/Q5145885
7IVPG1D4,1,0,http://www.wikidata.org/entity/Q5145884
7IVPG1D4,1,1,http://www.wikidata.org/entity/Q7398756
7JH2LJJO,1,0,http://www.wikidata.org/entity/Q5145884
7L2GF73Z,1,0,http://www.wikidata.org/entity/Q5145884
7L2GF73Z,2,0,http://www.wikidata.org/entity/Q14877683
7L2GF73Z,3,0,http://www.wikidata.org/entity/Q5145885
7L3MPSJV,1,0,http://www.wikidata.org/entity/Q5145884
7L3MPSJV,1,1,http://www.wikidata.org/entity/Q4504080
7L3MPSJV,2,0,http://www.wikidata.org/entity/Q14877683
7L3MPSJV,2,2,http://www.wikidata.org/entity/Q66783956
7OYIKQX1,1,0,http://www.wikidata.org/entity/Q5145884
7OYIKQX1,1,2,http://www.wikidata.org/entity/Q21069983
7OYIKQX1,2,0,http://www.wikidata.org/entity/Q14877683
7OYIKQX1,2,1,http://www.wikidata.org/entity/Q7341
7RGNNRM8,1,0,http://www.wikidata.org/entity/Q5145884
7RGNNRM8,1,1,http://www.wikidata.org/entity/Q754507
7S6G8DCY,1,0,http://www.wikidata.org/entity/Q5145884
7T1GGN8Y,1,0,http://www.wikidata.org/entity/Q5145884
7UWKK70Q,1,0,http://www.wikidata.org/entity/Q5145884
7UWKK70Q,1,1,http://www.wikidata.org/entity/Q6536
7Z59WW7T,1,0,http://www.wikidata.org/entity/Q5145884
80GKDTZA,1,0,http://www.wikidata.org/entity/Q5145884
81CYA12T,1,0,http://www.wikidata.org/entity/Q5145884
81HTFO0W,1,0,http://www.wikidata.org/entity/Q5145884
81HTFO0W,2,0,http://www.wikidata.org/entity/Q14877683
81HTFO0W,3,0,http://www.wikidata.org/entity/Q5145885
839DELW3,1,0,http://www.wikidata.org/entity/Q5145884
85EJHM3S,1,0,http://www.wikidata.org/entity/Q5145884
85EJHM3S,1,1,http://www.wikidata.org/entity/Q239763
8957GCS9,1,0,http://www.wikidata.org/entity/Q5145884
8CMLNIWC,1,0,http://www.wikidata.org/entity/Q5145884
8CMLNIWC,1,1,http://www.wikidata.org/entity/Q37443777
8ENL8V6N,1,0,http://www.wikidata.org/entity/Q5145884
8ENL8V6N,2,0,http://www.wikidata.org/entity/Q14877683
8GEH7ZRY,1,0,http://www.wikidata.org/entity/Q5145884
8HCW66SV,1,0,http://www.wikidata.org/entity/Q5145884
8I2R4Y25,1,0,http://www.wikidata.org/entity/Q5145884
8I2R4Y25,2,0,http://www.wikidata.org/entity/Q14877683
8I2R4Y25,2,1,http://www.wikidata.org/entity/Q33971
8I2R4Y25,2,2,http://www.wikidata.org/entity/Q16686245
8I2R4Y25,3,2,http://www.wikidata.org/entity/Q60424
8RA0YH6B,1,0,http://www.wikidata.org/entity/Q5145884
8RA0YH6B,1,1,http://www.wikidata.org/entity/Q385378
8RA0YH6B,1,2,http://www.wikidata.org/entity/Q103632
8RA0YH6B,2,0,http://www.wikidata.org/entity/Q14877683
8RA0YH6B,2,1,http://www.wikidata.org/entity/Q183
8RA0YH6B,2,2,http://www.wikidata.org/entity/Q3272868
8RA0YH6B,3,0,http://www.wikidata.org/entity/Q5145885
8SF4PGAN,1,0,http://www.wikidata.org/entity/Q5145884
8TQM6CS0,1,0,http://www.wikidata.org/entity/Q5145884
8TQM6CS0,2,0,http://www.wikidata.org/entity/Q14877683
8UHQ8NMW,1,0,http://www.wikidata.org/entity/Q5145884
8UHQ8NMW,1,2,http://www.wikidata.org/entity/Q12681364
8UHQ8NMW,2,0,http://www.wikidata.org/entity/Q14877683
8UHQ8NMW,2,2,http://www.wikidata.org/entity/Q993272
8UHQ8NMW,3,0,http://www.wikidata.org/entity/Q5145885
8ZIB8A5D,1,0,http://www.wikidata.org/entity/Q5145884
8ZIB8A5D,1,1,http://www.wikidata.org/entity/Q106715799
9015OF17,1,0,http://www.wikidata.org/entity/Q5145884
904Y3ZUQ,1,0,http://www.wikidata.org/entity/Q5145884
904Y3ZUQ,2,0,http://www.wikidata.org/entity/Q14877683
9155JW8C,1,0,http://www.wikidata.org/entity/Q5145884
92I4Z1QN,1,0,http://www.wikidata.org/entity/Q5145884
92I4Z1QN,1,1,http://www.wikidata.org/entity/Q12152
92I4Z1QN,2,0,http://www.wikidata.org/entity/Q14877683
9321F058,1,0,http://www.wikidata.org/entity/Q5145884
9321F058,2,0,http://www.wikidata.org/entity/Q14877683
962JH6WA,1,0,http://www.wikidata.org/entity/Q5145884
962JH6WA,2,0,http://www.wikidata.org/entity/Q14877683
962JH6WA,3,0,http://www.wikidata.org/entity/Q5145885
9A0QQWD0,1,0,http://www.wikidata.org/entity/Q5145884
9A0QQWD0,1,1,http://www.wikidata.org/entity/Q105835744
9A1EFUVW,1,0,http://www.wikidata.org/entity/Q5145884
9A1EFUVW,2,0,http://www.wikidata.org/entity/Q14877683
9BGB7SWG,1,0,http://www.wikidata.org/entity/Q5145884
9BGB7SWG,2,0,http://www.wikidata.org/entity/Q14877683
9BNGDWFI,1,0,http://www.wikidata.org/entity/Q5145884
9ETOKU95,1,0,http://www.wikidata.org/entity/Q5145884
9ETOKU95,2,0,http://www.wikidata.org/entity/Q14877683
9M04ISUI,1,0,http://www.wikidata.org/entity/Q5145884
9MTXTSCI,1,0,http://www.wikidata.org/entity/Q5145884
9TIHF9B6,1,0,http://www.wikidata.org/entity/Q5145884
9TZLWYCL,1,0,http://www.wikidata.org/entity/Q5145884
9TZLWYCL,1,1,http://www.wikidata.org/entity/Q17297633
9UQIKBT3,1,0,http://www.wikidata.org/entity/Q5145884
9ZKAJHTS,1,0,http://www.wikidata.org/entity/Q5145884
9ZKAJHTS,2,0,http://www.wikidata.org/entity/Q14877683
9ZKAJHTS,3,0,http://www.wikidata.org/entity/Q5145885
A3T8J4JN,1,0,http://www.wikidata.org/entity/Q5145884
A3T8J4JN,1,1,http://www.wikidata.org/entity/Q1158367
A4RTCNH4,1,0,http://www.wikidata.org/entity/Q5145884
A5NBGTVP,1,0,http://www.wikidata.org/entity/Q5145884
A5NBGTVP,1,1,http://www.wikidata.org/entity/Q104848490
A5NBGTVP,1,2,http://www.wikidata.org/entity/Q109324702
A5NBGTVP,2,0,http://www.wikidata.org/entity/Q14877683
A5NBGTVP,2,1,http://www.wikidata.org/entity/Q57244
A5NBGTVP,2,2,http://www.wikidata.org/entity/Q77078
A68WEUOE,1,0,http://www.wikidata.org/entity/Q5145884
A68WEUOE,1,1,http://www.wikidata.org/entity/Q701216
A68WEUOE,1,2,http://www.wikidata.org/entity/Q16746111
A68WEUOE,2,0,http://www.wikidata.org/entity/Q14877683
A68WEUOE,3,1,http://www.wikidata.org/entity/Q389735
A68WEUOE,3,2,http://www.wikidata.org/entity/Q40410888
A68WEUOE,4,1,http://www.wikidata.org/entity/Q4746863
A68WEUOE,4,2,http://www.wikidata.org/entity/Q3378367
A6CTD3GV,1,0,http://www.wikidata.org/entity/Q5145884
AMHYZTM9,1,0,http://www.wikidata.org/entity/Q5145884
AMTEIF56,1,0,http://www.wikidata.org/entity/Q5145884
AMTEIF56,1,1,http://www.wikidata.org/entity/Q15996115
ANW9BUYI,1,0,http://www.wikidata.org/entity/Q5145884
ANW9BUYI,1,1,http://www.wikidata.org/entity/Q39998410
APCNE261,1,0,http://www.wikidata.org/entity/Q5145884
ATPHR1DK,1,0,http://www.wikidata.org/entity/Q5145884
AUJV2CV3,1,0,http://www.wikidata.org/entity/Q5145884
AUYQUA9A,1,0,http://www.wikidata.org/entity/Q5145884
AW4BZJGK,1,0,http://www.wikidata.org/entity/Q5145884
AXRCO4PA,1,0,http://www.wikidata.org/entity/Q5145884
B05RYX3W,1,0,http://www.wikidata.org/entity/Q5145884
B07H2S00,1,0,http://www.wikidata.org/entity/Q5145884
B07H2S00,1,1,http://www.wikidata.org/entity/Q17064597
B07H2S00,2,0,http://www.wikidata.org/entity/Q14877683
B72Q14SI,1,0,http://www.wikidata.org/entity/Q5145884
B72Q14SI,1,1,http://www.wikidata.org/entity/Q17297633
B7CMZH09,1,0,http://www.wikidata.org/entity/Q5145884
B7CMZH09,2,0,http://www.wikidata.org/entity/Q14877683
BAJ5LMX3,1,0,http://www.wikidata.org/entity/Q5145884
BDWQF2CN,1,0,http://www.wikidata.org/entity/Q5145884
BGMLF9DR,1,0,http://www.wikidata.org/entity/Q5145884
BNVC2RFR,1,0,http://www.wikidata.org/entity/Q5145884
BOZ91V5W,1,0,http://www.wikidata.org/entity/Q5145884
BQC7DZZR,1,0,http://www.wikidata.org/entity/Q5145884
BQC7DZZR,2,0,http://www.wikidata.org/entity/Q14877683
BSP2N0ZS,1,0,http://www.wikidata.org/entity/Q5145884
C2JOFRNE,1,0,http://www.wikidata.org/entity/Q5145884
C2JOFRNE,2,0,http://www.wikidata.org/entity/Q14877683
C2JOFRNE,3,0,http://www.wikidata.org/entity/Q5145885
C3SOO0DD,1,0,http://www.wikidata.org/entity/Q5145884
C3SOO0DD,2,0,http://www.wikidata.org/entity/Q14877683
C6M6STTW,1,0,http://www.wikidata.org/entity/Q5145884
C8RTQNU5,1,0,http://www.wikidata.org/entity/Q5145884
C8RTQNU5,2,0,http://www.wikidata.org/entity/Q14877683
CAQ97NU8,1,0,http://www.wikidata.org/entity/Q5145884
CEO4JAFH,1,0,http://www.wikidata.org/entity/Q5145884
CGJ2J2Z7,1,0,http://www.wikidata.org/entity/Q5145884
CHIL5EXL,1,0,http://www.wikidata.org/entity/Q5145884
CHIL5EXL,1,1,http://www.wikidata.org/entity/Q116
CPLC7VA2,1,0,http://www.wikidata.org/entity/Q5145884
CPLC7VA2,2,0,http://www.wikidata.org/entity/Q14877683
CPOKBQDE,1,0,http://www.wikidata.org/entity/Q5145884
CPOKBQDE,1,1,http://www.wikidata.org/entity/Q346047
CUB1T1SE,1,0,http://www.wikidata.org/entity/Q5145884
CUB1T1SE,1,2,http://www.wikidata.org/entity/Q14420068
CUB1T1SE,2,0,http://www.wikidata.org/entity/Q14877683
CUB1T1SE,2,1,http://www.wikidata.org/entity/Q16842924
CZAKIUMO,1,0,http://www.wikidata.org/entity/Q5145884
D2KP1VW5,1,0,http://www.wikidata.org/entity/Q5145884
D58GW2X4,1,0,http://www.wikidata.org/entity/Q5145884
DBWV925M,1,0,http://www.wikidata.org/entity/Q5145884
DFSKIYXV,1,0,http://www.wikidata.org/entity/Q5145884
DFSKIYXV,1,1,http://www.wikidata.org/entity/Q629
DGHR5ZHM,1,0,http://www.wikidata.org/entity/Q5145884
DGHR5ZHM,1,1,http://www.wikidata.org/entity/Q16242398
DGHR5ZHM,2,0,http://www.wikidata.org/entity/Q14877683
DGHR5ZHM,2,1,http://www.wikidata.org/entity/Q38712
DHAYGA5Z,1,0,http://www.wikidata.org/entity/Q5145884
DI8HJ3RS,1,0,http://www.wikidata.org/entity/Q5145884
DJIVD6TL,1,0,http://www.wikidata.org/entity/Q5145884
DLGFQQT7,1,0,http://www.wikidata.org/entity/Q5145884
DLGFQQT7,1,2,http://www.wikidata.org/entity/Q19244363
DLGFQQT7,2,0,http://www.wikidata.org/entity/Q14877683
DLGFQQT7,2,2,http://www.wikidata.org/entity/Q16479448
DLGFQQT7,3,0,http://www.wikidata.org/entity/Q5145885
DLGFQQT7,3,2,http://www.wikidata.org/entity/Q96799652
DOK169HR,1,0,http://www.wikidata.org/entity/Q5145884
DOPZR1AV,1,0,http://www.wikidata.org/entity/Q5145884
DOPZR1AV,2,0,http://www.wikidata.org/entity/Q14877683
DOQV03WN,1,0,http://www.wikidata.org/entity/Q5145884
DOQV03WN,1,1,http://www.wikidata.org/entity/Q59146
DX5AS6T4,1,0,http://www.wikidata.org/entity/Q5145884
DX5AS6T4,1,1,http://www.wikidata.org/entity/Q330533
DX61IAVC,1,0,http://www.wikidata.org/entity/Q5145884
DX61IAVC,1,1,http://www.wikidata.org/entity/Q26971668
DXW1TVVD,1,0,http://www.wikidata.org/entity/Q5145884
DXW1TVVD,1,1,http://www.wikidata.org/entity/Q21857526
DYEE1FJP,1,0,http://www.wikidata.org/entity/Q5145884
E09Q6C5J,1,0,http://www.wikidata.org/entity/Q5145884
E09Q6C5J,1,1,http://www.wikidata.org/entity/Q43183
E09Q6C5J,1,2,http://www.wikidata.org/entity/Q43183
E09Q6C5J,2,0,http://www.wikidata.org/entity/Q14877683
E09Q6C5J,2,1,http://www.wikidata.org/entity/Q1425428
E09Q6C5J,2,2,http://www.wikidata.org/entity/Q49227
E09TTM0S,1,0,http://www.wikidata.org/entity/Q5145884
E09TTM0S,2,0,http://www.wikidata.org/entity/Q14877683
E09TTM0S,2,2,http://www.wikidata.org/entity/Q6846688
E4I1HUIV,1,0,http://www.wikidata.org/entity/Q5145884
E6U5C7Q9,1,0,http://www.wikidata.org/entity/Q5145884
E6U5C7Q9,2,0,http://www.wikidata.org/entity/Q14877683
E9S2AXFZ,1,0,http://www.wikidata.org/entity/Q5145884
E9Y8BTIG,1,0,http://www.wikidata.org/entity/Q5145884
EB6IPBQ8,1,0,http://www.wikidata.org/entity/Q5145884
EBY2M2ZM,1,0,http://www.wikidata.org/entity/Q5145884
ECHAM69R,1,0,http://www.wikidata.org/entity/Q5145884
ECHAM69R,2,0,http://www.wikidata.org/entity/Q14877683
ECTUBJYE,1,0,http://www.wikidata.org/entity/Q5145884
ECTUBJYE,1,1,http://www.wikidata.org/entity/Q682070
ECTUBJYE,2,0,http://www.wikidata.org/entity/Q14877683
EEQ0K4CX,1,0,http://www.wikidata.org/entity/Q5145884
EEQ0K4CX,1,1,http://www.wikidata.org/entity/Q6536
EJG2P3L4,1,0,http://www.wikidata.org/entity/Q5145884
EJG2P3L4,1,1,http://www.wikidata.org/entity/Q931597
EJGKPNHP,1,0,http://www.wikidata.org/entity/Q5145884
EJSGTM14,1,0,http://www.wikidata.org/entity/Q5145884
EJSGTM14,2,0,http://www.wikidata.org/entity/Q14877683
EL0800WW,1,0,http://www.wikidata.org/entity/Q5145884
EPSFXFTE,1,0,http://www.wikidata.org/entity/Q5145884
EPSFXFTE,2,0,http://www.wikidata.org/entity/Q14877683
EPSFXFTE,2,1,http://www.wikidata.org/entity/Q17486145
EQ3NPLBF,1,0,http://www.wikidata.org/entity/Q5145884
ETVQ8X6O,1,0,http://www.wikidata.org/entity/Q5145884
ETVQ8X6O,1,1,http://www.wikidata.org/entity/Q142
ETVQ8X6O,1,2,http://www.wikidata.org/entity/Q55
ETVQ8X6O,2,0,http://www.wikidata.org/entity/Q14877683
ETVQ8X6O,2,1,http://www.wikidata.org/entity/Q3132422
ETVQ8X6O,2,2,http://www.wikidata.org/entity/Q2406820
ETVQ8X6O,3,0,http://www.wikidata.org/entity/Q5145885
ETVQ8X6O,3,3,http://www.wikidata.org/entity/Q6013786
EYSEG1DW,1,0,http://www.wikidata.org/entity/Q5145884
EYSEG1DW,2,0,http://www.wikidata.org/entity/Q14877683
EYSEG1DW,3,0,http://www.wikidata.org/entity/Q5145885
F6XAG28O,1,0,http://www.wikidata.org/entity/Q5145884
F6XAG28O,1,1,http://www.wikidata.org/entity/Q931597
F9PDY3NT,1,0,http://www.wikidata.org/entity/Q5145884
F9PDY3NT,1,1,http://www.wikidata.org/entity/Q31687
F9PDY3NT,1,2,http://www.wikidata.org/entity/Q37137
F9PDY3NT,2,0,http://www.wikidata.org/entity/Q14877683
F9PDY3NT,2,1,http://www.wikidata.org/entity/Q2675537
F9PDY3NT,2,2,http://www.wikidata.org/entity/Q19360976
FCF2NZA6,1,0,http://www.wikidata.org/entity/Q5145884
FDDRMIJW,1,0,http://www.wikidata.org/entity/Q5145884
FDDRMIJW,1,1,http://www.wikidata.org/entity/Q8282
FEFM0QZO,1,0,http://www.wikidata.org/entity/Q5145884
FJJHB85J,1,0,http://www.wikidata.org/entity/Q5145884
FJJHB85J,1,2,http://www.wikidata.org/entity/Q3600978
FJJHB85J,2,0,http://www.wikidata.org/entity/Q14877683
FJJHB85J,2,2,http://www.wikidata.org/entity/Q29
FWTZZJJ0,1,0,http://www.wikidata.org/entity/Q5145884
FXMVMSWD,1,0,http://www.wikidata.org/entity/Q5145884
FYE84TM8,1,0,http://www.wikidata.org/entity/Q5145884
FZ1TFIZH,1,0,http://www.wikidata.org/entity/Q5145884
FZAS3QBH,1,0,http://www.wikidata.org/entity/Q5145884
FZAS3QBH,2,0,http://www.wikidata.org/entity/Q14877683
G826T3H0,1,0,http://www.wikidata.org/entity/Q5145884
G96COWDQ,1,0,http://www.wikidata.org/entity/Q5145884
GAY4RNCD,1,0,http://www.wikidata.org/entity/Q5145884
GAY4RNCD,2,0,http://www.wikidata.org/entity/Q14877683
GC9TJRGR,1,0,http://www.wikidata.org/entity/Q5145884
GJDSU7RN,1,0,http://www.wikidata.org/entity/Q5145884
GKD3ETCU,1,0,http://www.wikidata.org/entity/Q5145884
GKD3ETCU,1,1,http://www.wikidata.org/entity/Q5192923
GM2MDEJG,1,0,http://www.wikidata.org/entity/Q5145884
GM2MDEJG,2,0,http://www.wikidata.org/entity/Q14877683
GM2MDEJG,2,2,http://www.wikidata.org/entity/Q207554
GM2MDEJG,3,0,http://www.wikidata.org/entity/Q5145885
GMMIPL1X,1,0,http://www.wikidata.org/entity/Q5145884
GMMIPL1X,2,0,http://www.wikidata.org/entity/Q14877683
GMMIPL1X,2,1,http://www.wikidata.org/entity/Q127380183
GMMIPL1X,3,0,http://www.wikidata.org/entity/Q5145885
GMPG5U6Q,1,0,http://www.wikidata.org/entity/Q5145884
GMPG5U6Q,1,1,http://www.wikidata.org/entity/Q97055892
GPENFXWP,1,0,http://www.wikidata.org/entity/Q5145884
GPENFXWP,2,0,http://www.wikidata.org/entity/Q14877683
GPENFXWP,2,2,http://www.wikidata.org/entity/Q156358
GX3ZN4A3,1,0,http://www.wikidata.org/entity/Q5145884
GXY8WPY5,1,0,http://www.wikidata.org/entity/Q5145884
H0JV5J2R,1,0,http://www.wikidata.org/entity/Q5145884
H2CO4YDK,1,0,http://www.wikidata.org/entity/Q5145884
H2CO4YDK,2,0,http://www.wikidata.org/entity/Q14877683
H2UUQL69,1,0,http://www.wikidata.org/entity/Q5145884
H45KARXP,1,0,http://www.wikidata.org/entity/Q5145884
H45KARXP,2,0,http://www.wikidata.org/entity/Q14877683
H5A66SZ7,1,0,http://www.wikidata.org/entity/Q5145884
H5XHPI0F,1,0,http://www.wikidata.org/entity/Q5145884
H5XHPI0F,1,1,http://www.wikidata.org/entity/Q7414
H5XHPI0F,2,0,http://www.wikidata.org/entity/Q14877683
H891V9L6,1,0,http://www.wikidata.org/entity/Q5145884
HA2UB096,1,0,http://www.wikidata.org/entity/Q5145884
HA2UB096,1,1,http://www.wikidata.org/entity/Q912547
HL53SG54,1,0,http://www.wikidata.org/entity/Q5145884
HL53SG54,2,0,http://www.wikidata.org/entity/Q14877683
HL53SG54,3,0,http://www.wikidata.org/entity/Q5145885
HMVJ3GQE,1,0,http://www.wikidata.org/entity/Q5145884
HMVJ3GQE,2,0,http://www.wikidata.org/entity/Q14877683
HMVJ3GQE,2,2,http://www.wikidata.org/entity/Q5142559
HNEFY0WJ,1,0,http://www.wikidata.org/entity/Q5145884
I06QXLMR,1,0,http://www.wikidata.org/entity/Q5145884
I06QXLMR,1,2,http://www.wikidata.org/entity/Q60467588
I06QXLMR,2,0,http://www.wikidata.org/entity/Q14877683
I06QXLMR,2,1,http://www.wikidata.org/entity/Q69028
I06QXLMR,2,2,http://www.wikidata.org/entity/Q7298
I4C27SYO,1,0,http://www.wikidata.org/entity/Q5145884
I4L0M2MV,1,0,http://www.wikidata.org/entity/Q5145884
I5QUEVR8,1,0,http://www.wikidata.org/entity/Q5145884
I6SHSS2W,1,0,http://www.wikidata.org/entity/Q5145884
I6SHSS2W,1,2,http://www.wikidata.org/entity/Q51723716
I6SHSS2W,2,0,http://www.wikidata.org/entity/Q14877683
I6SHSS2W,2,1,http://www.wikidata.org/entity/Q56245682
I6SHSS2W,2,2,http://www.wikidata.org/entity/Q1158566
I9GL2O9A,1,0,http://www.wikidata.org/entity/Q5145884
I9KX15DX,1,0,http://www.wikidata.org/entity/Q5145884
I9KX15DX,2,0,http://www.wikidata.org/entity/Q14877683
IB74N7B3,1,0,http://www.wikidata.org/entity/Q5145884
IB74N7B3,2,0,http://www.wikidata.org/entity/Q14877683
IB74N7B3,2,2,http://www.wikidata.org/entity/Q56598082
IIK4XMPE,1,0,http://www.wikidata.org/entity/Q5145884
IIK4XMPE,2,0,http://www.wikidata.org/entity/Q14877683
IIK4XMPE,2,2,http://www.wikidata.org/entity/Q21855034
IN3NQZ9O,1,0,http://www.wikidata.org/entity/Q5145884
IQD4QG2M,1,0,http://www.wikidata.org/entity/Q5145884
ISWA7D13,1,0,http://www.wikidata.org/entity/Q5145884
IUPOCN5C,1,0,http://www.wikidata.org/entity/Q5145884
IUPOCN5C,2,0,http://www.wikidata.org/entity/Q14877683
IUUG1F7D,1,0,http://www.wikidata.org/entity/Q5145884
IX2KNK5E,1,0,http://www.wikidata.org/entity/Q5145884
IX2KNK5E,2,0,http://www.wikidata.org/entity/Q14877683
IX2KNK5E,3,0,http://www.wikidata.org/entity/Q5145885
J2JPNYWQ,1,0,http://www.wikidata.org/entity/Q5145884
J2JPNYWQ,1,1,http://www.wikidata.org/entity/Q3111244
J2JPNYWQ,2,0,http://www.wikidata.org/entity/Q14877683
J72PLOMB,1,0,http://www.wikidata.org/entity/Q5145884
J72PLOMB,1,1,http://www.wikidata.org/entity/Q11816
J73EJIMZ,1,0,http://www.wikidata.org/entity/Q5145884
J73EJIMZ,1,1,http://www.wikidata.org/entity/Q535214
J9I9G055,1,0,http://www.wikidata.org/entity/Q5145884
JD0PEAP8,1,0,http://www.wikidata.org/entity/Q5145884
JD0PEAP8,1,1,http://www.wikidata.org/entity/Q3039938
JD0PEAP8,2,0,http://www.wikidata.org/entity/Q14877683
JFS0L9UO,1,0,http://www.wikidata.org/entity/Q5145884
JG29EIGN,1,0,http://www.wikidata.org/entity/Q5145884
JG29EIGN,1,1,http://www.wikidata.org/entity/Q718286
JG29EIGN,1,2,http://www.wikidata.org/entity/Q309240
JG29EIGN,2,0,http://www.wikidata.org/entity/Q14877683
JG29EIGN,2,1,http://www.wikidata.org/entity/Q1045119
JG29EIGN,2,2,http://www.wikidata.org/entity/Q65
JKS5KAJR,1,0,http://www.wikidata.org/entity/Q5145884
JKS5KAJR,2,0,http://www.wikidata.org/entity/Q14877683
JLGMC2GZ,1,0,http://www.wikidata.org/entity/Q5145884
JOKTLOQL,1,0,http://www.wikidata.org/entity/Q5145884
JOKTLOQL,1,2,http://www.wikidata.org/entity/Q55811332
JOKTLOQL,2,0,http://www.wikidata.org/entity/Q14877683
JOKTLOQL,2,2,http://www.wikidata.org/entity/Q29
JOPG8K01,1,0,http://www.wikidata.org/entity/Q5145884
JQ42YIYZ,1,0,http://www.wikidata.org/entity/Q5145884
JTL08N24,1,0,http://www.wikidata.org/entity/Q5145884
JU42PL33,1,0,http://www.wikidata.org/entity/Q5145884
JVJI5DXN,1,0,http://www.wikidata.org/entity/Q5145884
JVLBTWRN,1,0,http://www.wikidata.org/entity/Q5145884
JVLBTWRN,2,0,http://www.wikidata.org/entity/Q14877683
K0GLR5JP,1,0,http://www.wikidata.org/entity/Q5145884
K30ENNC8,1,0,http://www.wikidata.org/entity/Q5145884
K46DPYIB,1,0,http://www.wikidata.org/entity/Q5145884
K46DPYIB,2,0,http://www.wikidata.org/entity/Q14877683
K4A0E0QL,1,0,http://www.wikidata.org/entity/Q5145884
K4A0E0QL,2,0,http://www.wikidata.org/entity/Q14877683
K59PAB3W,1,0,http://www.wikidata.org/entity/Q5145884
KCU5BNBL,1,0,http://www.wikidata.org/entity/Q5145884
KCU5BNBL,1,1,http://www.wikidata.org/entity/Q8343709
KJBUUEBJ,1,0,http://www.wikidata.org/entity/Q5145884
KK0ID5TS,1,0,http://www.wikidata.org/entity/Q5145884
KLD75FBA,1,0,http://www.wikidata.org/entity/Q5145884
KLD75FBA,1,1,http://www.wikidata.org/entity/Q851
KMPOKVY1,1,0,http://www.wikidata.org/entity/Q5145884
KOWHOL21,1,0,http://www.wikidata.org/entity/Q5145884
KOWHOL21,1,1,http://www.wikidata.org/entity/Q1456
KPFFDB6X,1,0,http://www.wikidata.org/entity/Q5145884
KPFFDB6X,2,0,http://www.wikidata.org/entity/Q14877683
KPFFDB6X,2,2,http://www.wikidata.org/entity/Q1545471
KTOJ2CH9,1,0,http://www.wikidata.org/entity/Q5145884
KVDZK26Z,1,0,http://www.wikidata.org/entity/Q5145884
KVDZK26Z,2,0,http://www.wikidata.org/entity/Q14877683
L1Q78UMR,1,0,http://www.wikidata.org/entity/Q5145884
L97DPSVD,1,0,http://www.wikidata.org/entity/Q5145884
L97DPSVD,1,2,http://www.wikidata.org/entity/Q67311526
L97DPSVD,2,0,http://www.wikidata.org/entity/Q14877683
L97DPSVD,2,1,http://www.wikidata.org/entity/Q1338800
L97DPSVD,2,2,http://www.wikidata.org/entity/Q51621
LKUSI4AC,1,0,http://www.wikidata.org/entity/Q5145884
LKUSI4AC,2,0,http://www.wikidata.org/entity/Q14877683
LLNNJKBL,1,0,http://www.wikidata.org/entity/Q5145884
LLNNJKBL,2,0,http://www.wikidata.org/entity/Q14877683
LMOJJ5LT,1,0,http://www.wikidata.org/entity/Q5145884
LMOJJ5LT,2,0,http://www.wikidata.org/entity/Q14877683
LUSMCQP7,1,0,http://www.wikidata.org/entity/Q5145884
LUSMCQP7,1,1,http://www.wikidata.org/entity/Q1946482
M82KAGLH,1,0,http://www.wikidata.org/entity/Q5145884
MBGIUSUY,1,0,http://www.wikidata.org/entity/Q5145884
MBGIUSUY,1,2,http://www.wikidata.org/entity/Q829441
MBGIUSUY,2,0,http://www.wikidata.org/entity/Q14877683
MBGIUSUY,2,2,http://www.wikidata.org/entity/Q331380
MBGIUSUY,3,0,http://www.wikidata.org/entity/Q5145885
MCYL241A,1,0,http://www.wikidata.org/entity/Q5145884
MDLMJD0W,1,0,http://www.wikidata.org/entity/Q5145884
MDLMJD0W,1,1,http://www.wikidata.org/entity/Q4925477
MDT49NA1,1,0,http://www.wikidata.org/entity/Q5145884
MFTU1853,1,0,http://www.wikidata.org/entity/Q5145884
MFTU1853,2,0,http://www.wikidata.org/entity/Q14877683
MIAQQX7T,1,0,http://www.wikidata.org/entity/Q5145884
MIAQQX7T,2,0,http://www.wikidata.org/entity/Q14877683
MMY4PX1A,1,0,http://www.wikidata.org/entity/Q5145884
MMY4PX1A,1,1,http://www.wikidata.org/entity/Q3551295
MNBDFOK9,1,0,http://www.wikidata.org/entity/Q5145884
MRQQ6DAY,1,0,http://www.wikidata.org/entity/Q5145884
N59ZOEEM,1,0,http://www.wikidata.org/entity/Q5145884
N779E772,1,0,http://www.wikidata.org/entity/Q5145884
N779E772,2,0,http://www.wikidata.org/entity/Q14877683
N86193YU,1,0,http://www.wikidata.org/entity/Q5145884
N86193YU,1,1,http://www.wikidata.org/entity/Q18671874
N86193YU,2,0,http://www.wikidata.org/entity/Q14877683
N86193YU,2,2,http://www.wikidata.org/entity/Q173242
N86193YU,3,0,http://www.wikidata.org/entity/Q5145885
N86193YU,3,1,http://www.wikidata.org/entity/Q110245885
N86193YU,3,2,http://www.wikidata.org/entity/Q51628
NA5XOTEC,1,0,http://www.wikidata.org/entity/Q5145884
NBR61LS1,1,0,http://www.wikidata.org/entity/Q5145884
NBR61LS1,2,0,http://www.wikidata.org/entity/Q14877683
NC182RFQ,1,0,http://www.wikidata.org/entity/Q5145884
ND8YJG7R,1,0,http://www.wikidata.org/entity/Q5145884
ND8YJG7R,1,1,http://www.wikidata.org/entity/Q90
NGT7C6EO,1,0,http://www.wikidata.org/entity/Q5145884
NGWGFKDP,1,0,http://www.wikidata.org/entity/Q5145884
NGWGFKDP,2,0,http://www.wikidata.org/entity/Q14877683
NH9DTQTT,1,0,http://www.wikidata.org/entity/Q5145884
NLNHHO6C,1,0,http://www.wikidata.org/entity/Q5145884
NLNHHO6C,1,1,http://www.wikidata.org/entity/Q1368300
NPEM3U7S,1,0,http://www.wikidata.org/entity/Q5145884
NWSX5J2O,1,0,http://www.wikidata.org/entity/Q5145884
NWZUPFMR,1,0,http://www.wikidata.org/entity/Q5145884
NWZUPFMR,2,0,http://www.wikidata.org/entity/Q14877683
NYF7RD9C,1,0,http://www.wikidata.org/entity/Q5145884
NYGNP7RK,1,0,http://www.wikidata.org/entity/Q5145884
NYGNP7RK,1,2,http://www.wikidata.org/entity/Q87351638
NYGNP7RK,2,0,http://www.wikidata.org/entity/Q14877683
NYGNP7RK,2,2,http://www.wikidata.org/entity/Q29
O4EZMN2A,1,0,http://www.wikidata.org/entity/Q5145884
O65AQ2CP,1,0,http://www.wikidata.org/entity/Q5145884
O7EV0JL2,1,0,http://www.wikidata.org/entity/Q5145884
O7EV0JL2,1,1,http://www.wikidata.org/entity/Q16872031
O7Q74WJK,1,0,http://www.wikidata.org/entity/Q5145884
OAD64AX3,1,0,http://www.wikidata.org/entity/Q5145884
OCIC690H,1,0,http://www.wikidata.org/entity/Q5145884
OEJ65FJR,1,0,http://www.wikidata.org/entity/Q5145884
OEJ65FJR,1,2,http://www.wikidata.org/entity/Q109833737
OEJ65FJR,2,0,http://www.wikidata.org/entity/Q14877683
OEJ65FJR,2,1,http://www.wikidata.org/entity/Q4030954
OEJ65FJR,2,2,http://www.wikidata.org/entity/Q2231554
OI5WL9NL,1,0,http://www.wikidata.org/entity/Q5145884
OIK1GY47,1,0,http://www.wikidata.org/entity/Q5145884
OIK1GY47,1,2,http://www.wikidata.org/entity/Q1648925
OIK1GY47,1,3,http://www.wikidata.org/entity/Q593778
OIK1GY47,2,0,http://www.wikidata.org/entity/Q14877683
OIK1GY47,2,1,http://www.wikidata.org/entity/Q4295431
OIK1GY47,2,2,http://www.wikidata.org/entity/Q1152150
OIK1GY47,2,3,http://www.wikidata.org/entity/Q16682047
OIK1GY47,3,0,http://www.wikidata.org/entity/Q5145885
OIK1GY47,3,1,http://www.wikidata.org/entity/Q24053265
OIK1GY47,3,2,http://www.wikidata.org/entity/Q59809919
OIK1GY47,3,3,http://www.wikidata.org/entity/Q200539
OJHKRXI7,1,0,http://www.wikidata.org/entity/Q5145884
OL0GBCAH,1,0,http://www.wikidata.org/entity/Q5145884
OL0GBCAH,1,1,http://www.wikidata.org/entity/Q695387
ONX98YWT,1,0,http://www.wikidata.org/entity/Q5145884
OOZGFTPC,1,0,http://www.wikidata.org/entity/Q5145884
OOZGFTPC,2,0,http://www.wikidata.org/entity/Q14877683
OT39F277,1,0,http://www.wikidata.org/entity/Q5145884
OT39F277,1,1,http://www.wikidata.org/entity/Q59150
OU76FU99,1,0,http://www.wikidata.org/entity/Q5145884
OU76FU99,2,0,http://www.wikidata.org/entity/Q14877683
OU76FU99,3,0,http://www.wikidata.org/entity/Q5145885
OYFA7N5G,1,0,http://www.wikidata.org/entity/Q5145884
OYFA7N5G,1,2,http://www.wikidata.org/entity/Q51871532
OYFA7N5G,1,3,http://www.wikidata.org/entity/Q6318133
OYFA7N5G,2,0,http://www.wikidata.org/entity/Q14877683
OYFA7N5G,2,1,http://www.wikidata.org/entity/Q39998410
OYFA7N5G,2,2,http://www.wikidata.org/entity/Q931597
OYFA7N5G,2,3,http://www.wikidata.org/entity/Q1152150
OYFA7N5G,3,0,http://www.wikidata.org/entity/Q5145885
OYFA7N5G,3,1,http://www.wikidata.org/entity/Q98713259
OYFA7N5G,3,2,http://www.wikidata.org/entity/Q6666923
OYFA7N5G,3,3,http://www.wikidata.org/entity/Q19863968
OYY5QFUQ,1,0,http://www.wikidata.org/entity/Q5145884
P0V3VJRK,1,0,http://www.wikidata.org/entity/Q5145884
P0V3VJRK,1,1,http://www.wikidata.org/entity/Q1068361
P0V3VJRK,1,2,http://www.wikidata.org/entity/Q626608
P0V3VJRK,2,0,http://www.wikidata.org/entity/Q14877683
P0V3VJRK,2,1,http://www.wikidata.org/entity/Q1012364
P0V3VJRK,2,2,http://www.wikidata.org/entity/Q2556849
P6XHF44S,1,0,http://www.wikidata.org/entity/Q5145884
P6XHF44S,1,1,http://www.wikidata.org/entity/Q849574
P9XT0D3W,1,0,http://www.wikidata.org/entity/Q5145884
P9XT0D3W,1,2,http://www.wikidata.org/entity/Q23806
P9XT0D3W,2,0,http://www.wikidata.org/entity/Q14877683
P9XT0D3W,2,2,http://www.wikidata.org/entity/Q115025
PBWV7IYP,1,0,http://www.wikidata.org/entity/Q5145884
PBWV7IYP,1,1,http://www.wikidata.org/entity/Q51974
PBWV7IYP,2,0,http://www.wikidata.org/entity/Q14877683
PBWV7IYP,2,1,http://www.wikidata.org/entity/Q55811320
PFU2O7B0,1,0,http://www.wikidata.org/entity/Q5145884
PFU2O7B0,1,1,http://www.wikidata.org/entity/Q725060
PHLND4CO,1,0,http://www.wikidata.org/entity/Q5145884
PHLND4CO,1,1,http://www.wikidata.org/entity/Q56759975
PHMCQD1C,1,0,http://www.wikidata.org/entity/Q5145884
PHMCQD1C,2,0,http://www.wikidata.org/entity/Q14877683
PIJGEG7D,1,0,http://www.wikidata.org/entity/Q5145884
PIJGEG7D,1,1,http://www.wikidata.org/entity/Q629
PKM9UZ3V,1,0,http://www.wikidata.org/entity/Q5145884
PU1AIRA5,1,0,http://www.wikidata.org/entity/Q5145884
PVDZ7QLP,1,0,http://www.wikidata.org/entity/Q5145884
Q54FVP7H,1,0,http://www.wikidata.org/entity/Q5145884
Q54FVP7H,2,0,http://www.wikidata.org/entity/Q14877683
QATMMRDW,1,0,http://www.wikidata.org/entity/Q5145884
QATMMRDW,1,1,http://www.wikidata.org/entity/Q5580
QATMMRDW,1,2,http://www.wikidata.org/entity/Q5580
QATMMRDW,2,0,http://www.wikidata.org/entity/Q14877683
QATMMRDW,2,1,http://www.wikidata.org/entity/Q173242
QATMMRDW,2,2,http://www.wikidata.org/entity/Q173242
QATMMRDW,3,0,http://www.wikidata.org/entity/Q5145885
QATMMRDW,3,1,http://www.wikidata.org/entity/Q196653
QATMMRDW,3,2,http://www.wikidata.org/entity/Q9385130
QBO6LMOZ,1,0,http://www.wikidata.org/entity/Q5145884
QBO6LMOZ,2,0,http://www.wikidata.org/entity/Q14877683
QCQX1JPG,1,0,http://www.wikidata.org/entity/Q5145884
QCQX1JPG,2,0,http://www.wikidata.org/entity/Q14877683
QCQX1JPG,2,2,http://www.wikidata.org/entity/Q29405242
QH5IUOVU,1,0,http://www.wikidata.org/entity/Q5145884
QH5IUOVU,1,1,http://www.wikidata.org/entity/Q37565187
QHNJPWT8,1,0,http://www.wikidata.org/entity/Q5145884
QHNJPWT8,1,1,http://www.wikidata.org/entity/Q134161
QHZOX1IK,1,0,http://www.wikidata.org/entity/Q5145884
QHZOX1IK,1,1,http://www.wikidata.org/entity/Q322986
QK5VP7SB,1,0,http://www.wikidata.org/entity/Q5145884
QK5VP7SB,2,0,http://www.wikidata.org/entity/Q14877683
QN3CDMMP,1,0,http://www.wikidata.org/entity/Q5145884
QN3CDMMP,1,1,http://www.wikidata.org/entity/Q17297633
QND1W2HI,1,0,http://www.wikidata.org/entity/Q5145884
QND1W2HI,1,1,http://www.wikidata.org/entity/Q42740
QNEWRIPI,1,0,http://www.wikidata.org/entity/Q5145884
QRL8IVBH,1,0,http://www.wikidata.org/entity/Q5145884
QRL8IVBH,1,1,http://www.wikidata.org/entity/Q160236
QTWJDF9A,1,0,http://www.wikidata.org/entity/Q5145884
QTWJDF9A,1,1,http://www.wikidata.org/entity/Q11081
QUUOFFR0,1,0,http://www.wikidata.org/entity/Q5145884
QUUOFFR0,1,1,http://www.wikidata.org/entity/Q336286
QUUOFFR0,1,2,http://www.wikidata.org/entity/Q193592
QUUOFFR0,1,3,http://www.wikidata.org/entity/Q280658
QUUOFFR0,2,0,http://www.wikidata.org/entity/Q14877683
QUUOFFR0,2,1,http://www.wikidata.org/entity/Q9448
QUUOFFR0,2,2,http://www.wikidata.org/entity/Q18543
QUUOFFR0,2,3,http://www.wikidata.org/entity/Q18543
QUUOFFR0,3,0,http://www.wikidata.org/entity/Q5145885
QUUOFFR0,3,1,http://www.wikidata.org/entity/Q12173670
QUUOFFR0,3,2,http://www.wikidata.org/entity/Q4925477
QUUOFFR0,3,3,http://www.wikidata.org/entity/Q19828986
QYLNMSPA,1,0,http://www.wikidata.org/entity/Q5145884
QZ2RQRCD,1,0,http://www.wikidata.org/entity/Q5145884
QZ2RQRCD,2,0,http://www.wikidata.org/entity/Q14877683
R26584X5,1,0,http://www.wikidata.org/entity/Q5145884
R26584X5,1,1,http://www.wikidata.org/entity/Q108528616
R7DP17P2,1,0,http://www.wikidata.org/entity/Q5145884
R7HQ3B55,1,0,http://www.wikidata.org/entity/Q5145884
R7HQ3B55,2,0,http://www.wikidata.org/entity/Q14877683
R9KK199W,1,0,http://www.wikidata.org/entity/Q5145884
R9KK199W,1,1,http://www.wikidata.org/entity/Q51139288
R9KK199W,2,0,http://www.wikidata.org/entity/Q14877683
R9KK199W,3,0,http://www.wikidata.org/entity/Q5145885
R9KK199W,3,1,http://www.wikidata.org/entity/Q1093811
R9OFLACE,1,0,http://www.wikidata.org/entity/Q5145884
R9OFLACE,1,1,http://www.wikidata.org/entity/Q10648
R9VI0ZU0,1,0,http://www.wikidata.org/entity/Q5145884
R9VI0ZU0,1,1,http://www.wikidata.org/entity/Q34739
RA68EQL6,1,0,http://www.wikidata.org/entity/Q5145884
RA68EQL6,1,1,http://www.wikidata.org/entity/Q916333
RA68EQL6,2,0,http://www.wikidata.org/entity/Q14877683
RA68EQL6,2,2,http://www.wikidata.org/entity/Q19326299
RDIFGKUW,1,0,http://www.wikidata.org/entity/Q5145884
RDIFGKUW,1,1,http://www.wikidata.org/entity/Q476446
RESSHCFK,1,0,http://www.wikidata.org/entity/Q5145884
RMARQZFB,1,0,http://www.wikidata.org/entity/Q5145884
RMARQZFB,2,0,http://www.wikidata.org/entity/Q14877683
RNUTTGR6,1,0,http://www.wikidata.org/entity/Q5145884
RO0K6ISA,1,0,http://www.wikidata.org/entity/Q5145884
RO0K6ISA,2,0,http://www.wikidata.org/entity/Q14877683
RQT6VSWL,1,0,http://www.wikidata.org/entity/Q5145884
RRR83TMS,1,0,http://www.wikidata.org/entity/Q5145884
RRR83TMS,1,1,http://www.wikidata.org/entity/Q185905
RSTK2G5T,1,0,http://www.wikidata.org/entity/Q5145884
RYBXAGU6,1,0,http://www.wikidata.org/entity/Q5145884
RYBXAGU6,1,1,http://www.wikidata.org/entity/Q94022
S0QLRT8Z,1,0,http://www.wikidata.org/entity/Q5145884
S0QLRT8Z,1,1,http://www.wikidata.org/entity/Q1358782
S445164I,1,0,http://www.wikidata.org/entity/Q5145884
S5XLNQ57,1,0,http://www.wikidata.org/entity/Q5145884
S5XLNQ57,1,1,http://www.wikidata.org/entity/Q941023
S5XLNQ57,2,0,http://www.wikidata.org/entity/Q14877683
S9BMP4TY,1,0,http://www.wikidata.org/entity/Q5145884
S9BMP4TY,2,0,http://www.wikidata.org/entity/Q14877683
S9M0XB1T,1,0,http://www.wikidata.org/entity/Q5145884
SGHFGF16,1,0,http://www.wikidata.org/entity/Q5145884
SGHFGF16,2,0,http://www.wikidata.org/entity/Q14877683
SHDTWW9R,1,0,http://www.wikidata.org/entity/Q5145884
SHDTWW9R,2,0,http://www.wikidata.org/entity/Q14877683
SIX64NZA,1,0,http://www.wikidata.org/entity/Q5145884
SIX64NZA,2,0,http://www.wikidata.org/entity/Q14877683
SK380FJC,1,0,http://www.wikidata.org/entity/Q5145884
SK380FJC,1,1,http://www.wikidata.org/entity/Q212
SLTJQ2PO,1,0,http://www.wikidata.org/entity/Q5145884
SM1MMG5N,1,0,http://www.wikidata.org/entity/Q5145884
SM1MMG5N,2,0,http://www.wikidata.org/entity/Q14877683
SMAOJURT,1,0,http://www.wikidata.org/entity/Q5145884
SMD4H2MW,1,0,http://www.wikidata.org/entity/Q5145884
SMD4H2MW,1,1,http://www.wikidata.org/entity/Q482
SMD4H2MW,1,2,http://www.wikidata.org/entity/Q309
SMD4H2MW,2,0,http://www.wikidata.org/entity/Q14877683
SMD4H2MW,2,1,http://www.wikidata.org/entity/Q16
SMD4H2MW,2,2,http://www.wikidata.org/entity/Q1747689
SN7TP22R,1,0,http://www.wikidata.org/entity/Q5145884
SPIZOSW1,1,0,http://www.wikidata.org/entity/Q5145884
SPIZOSW1,2,0,http://www.wikidata.org/entity/Q14877683
SPIZOSW1,2,2,http://www.wikidata.org/entity/Q12787061
SR5UQHNJ,1,0,http://www.wikidata.org/entity/Q5145884
SR5UQHNJ,1,1,http://www.wikidata.org/entity/Q9371541
STDHV4DP,1,0,http://www.wikidata.org/entity/Q5145884
STDHV4DP,1,1,http://www.wikidata.org/entity/Q1097348
STDHV4DP,1,2,http://www.wikidata.org/entity/Q907311
STDHV4DP,2,0,http://www.wikidata.org/entity/Q14877683
STDHV4DP,2,1,http://www.wikidata.org/entity/Q65
SWQAOYXE,1,0,http://www.wikidata.org/entity/Q5145884
SWQAOYXE,1,1,http://www.wikidata.org/entity/Q56255193
SX43HNFG,1,0,http://www.wikidata.org/entity/Q5145884
SX43HNFG,2,0,http://www.wikidata.org/entity/Q14877683
SX43HNFG,3,0,http://www.wikidata.org/entity/Q5145885
T3HZNAH7,1,0,http://www.wikidata.org/entity/Q5145884
T3HZNAH7,2,0,http://www.wikidata.org/entity/Q14877683
T4RD9XIB,1,0,http://www.wikidata.org/entity/Q5145884
T59BU7WI,1,0,http://www.wikidata.org/entity/Q5145884
T6T2RBKQ,1,0,http://www.wikidata.org/entity/Q5145884
TBSWV5UB,1,0,http://www.wikidata.org/entity/Q5145884
TF13GBS9,1,0,http://www.wikidata.org/entity/Q5145884
TF3EDJKM,1,0,http://www.wikidata.org/entity/Q5145884
TF3EDJKM,1,1,http://www.wikidata.org/entity/Q2518196
TF3EDJKM,1,2,http://www.wikidata.org/entity/Q2518196
TF3EDJKM,2,0,http://www.wikidata.org/entity/Q14877683
TF3EDJKM,2,1,http://www.wikidata.org/entity/Q1715
TF3EDJKM,2,2,http://www.wikidata.org/entity/Q1715
TFHQ0BAH,1,0,http://www.wikidata.org/entity/Q5145884
TGJI2CBF,1,0,http://www.wikidata.org/entity/Q5145884
TI5IPBRL,1,0,http://www.wikidata.org/entity/Q5145884
TI5IPBRL,1,1,http://www.wikidata.org/entity/Q410
TILH3J18,1,0,http://www.wikidata.org/entity/Q5145884
TILH3J18,1,1,http://www.wikidata.org/entity/Q3742494
TIWCUA8K,1,0,http://www.wikidata.org/entity/Q5145884
TIWCUA8K,1,1,http://www.wikidata.org/entity/Q160649
TIWCUA8K,2,0,http://www.wikidata.org/entity/Q14877683
TIWCUA8K,2,2,http://www.wikidata.org/entity/Q6823684
TOMJECG9,1,0,http://www.wikidata.org/entity/Q5145884
TOMJECG9,1,1,http://www.wikidata.org/entity/Q107452821
TQABF9IF,1,0,http://www.wikidata.org/entity/Q5145884
TVK488S0,1,0,http://www.wikidata.org/entity/Q5145884
TY5S6P04,1,0,http://www.wikidata.org/entity/Q5145884
TZ0KVLGN,1,0,http://www.wikidata.org/entity/Q5145884
TZ0KVLGN,1,1,http://www.wikidata.org/entity/Q18813
U0N59CWM,1,0,http://www.wikidata.org/entity/Q5145884
U8FOK5KF,1,0,http://www.wikidata.org/entity/Q5145884
UA25BKIA,1,0,http://www.wikidata.org/entity/Q5145884
UAOROB5E,1,0,http://www.wikidata.org/entity/Q5145884
UAOROB5E,2,0,http://www.wikidata.org/entity/Q14877683
UAOROB5E,2,2,http://www.wikidata.org/entity/Q20896033
UAOROB5E,5,1,http://www.wikidata.org/entity/Q153813
UB6GQXMK,1,0,http://www.wikidata.org/entity/Q5145884
UB6GQXMK,2,0,http://www.wikidata.org/entity/Q14877683
UCLA48FC,1,0,http://www.wikidata.org/entity/Q5145884
UCLA48FC,2,0,http://www.wikidata.org/entity/Q14877683
UCLA48FC,2,2,http://www.wikidata.org/entity/Q595448
UEWS4EQU,1,0,http://www.wikidata.org/entity/Q5145884
UFH1N5TH,1,0,http://www.wikidata.org/entity/Q5145884
UFH1N5TH,2,0,http://www.wikidata.org/entity/Q14877683
UFH1N5TH,3,0,http://www.wikidata.org/entity/Q5145885
UGGRXHFK,1,0,http://www.wikidata.org/entity/Q5145884
UH3BGZJB,1,0,http://www.wikidata.org/entity/Q5145884
UH3DDA1B,1,0,http://www.wikidata.org/entity/Q5145884
UH3DDA1B,1,1,http://www.wikidata.org/entity/Q24609
UH3DDA1B,2,0,http://www.wikidata.org/entity/Q14877683
UH3DDA1B,2,1,http://www.wikidata.org/entity/Q132638037
UH7YFZP7,1,0,http://www.wikidata.org/entity/Q5145884
UH7YFZP7,1,1,http://www.wikidata.org/entity/Q24609
UH7YFZP7,2,0,http://www.wikidata.org/entity/Q14877683
UJOB91TJ,1,0,http://www.wikidata.org/entity/Q5145884
UJOB91TJ,2,0,http://www.wikidata.org/entity/Q14877683
UMHMJS12,1,0,http://www.wikidata.org/entity/Q5145884
UN5G44P4,1,0,http://www.wikidata.org/entity/Q5145884
UN5G44P4,1,1,http://www.wikidata.org/entity/Q811165
USNAECP7,1,0,http://www.wikidata.org/entity/Q5145884
USNAECP7,2,0,http://www.wikidata.org/entity/Q14877683
UTBAT3T8,1,0,http://www.wikidata.org/entity/Q5145884
UXYOTA4P,1,0,http://www.wikidata.org/entity/Q5145884
UXYOTA4P,2,0,http://www.wikidata.org/entity/Q14877683
UYH8B1UU,1,0,http://www.wikidata.org/entity/Q5145884
UYH8B1UU,2,0,http://www.wikidata.org/entity/Q14877683
UZEGFZUW,1,0,http://www.wikidata.org/entity/Q5145884
UZEGFZUW,1,1,http://www.wikidata.org/entity/Q21034657
V5YN6MU4,1,0,http://www.wikidata.org/entity/Q5145884
V5YN6MU4,2,0,http://www.wikidata.org/entity/Q14877683
V8A0M0E6,1,0,http://www.wikidata.org/entity/Q5145884
VA0YBXBK,1,0,http://www.wikidata.org/entity/Q5145884
VD985XNT,1,0,http://www.wikidata.org/entity/Q5145884
VG8CT8R9,1,0,http://www.wikidata.org/entity/Q5145884
VG8CT8R9,2,0,http://www.wikidata.org/entity/Q14877683
VG8CT8R9,3,0,http://www.wikidata.org/entity/Q5145885
VQHPBH3L,1,0,http://www.wikidata.org/entity/Q5145884
VQHPBH3L,1,1,http://www.wikidata.org/entity/Q2864737
VRBSYZH8,1,0,http://www.wikidata.org/entity/Q5145884
VRBSYZH8,1,1,http://www.wikidata.org/entity/Q159719
VRBSYZH8,2,0,http://www.wikidata.org/entity/Q14877683
VRL33PFO,1,0,http://www.wikidata.org/entity/Q5145884
VRL33PFO,1,1,http://www.wikidata.org/entity/Q518101
VTIZO9FK,1,0,http://www.wikidata.org/entity/Q5145884
VTIZO9FK,2,0,http://www.wikidata.org/entity/Q14877683
VTIZO9FK,3,0,http://www.wikidata.org/entity/Q5145885
VUYC1R66,1,0,http://www.wikidata.org/entity/Q5145884
VUYC1R66,2,0,http://www.wikidata.org/entity/Q14877683
VXT929LJ,1,0,http://www.wikidata.org/entity/Q5145884
W0IZ8E7K,1,0,http://www.wikidata.org/entity/Q5145884
W0IZ8E7K,1,1,http://www.wikidata.org/entity/Q1158367
W26YREMI,1,0,http://www.wikidata.org/entity/Q5145884
W718J2VB,1,0,http://www.wikidata.org/entity/Q5145884
W979BFV0,1,0,http://www.wikidata.org/entity/Q5145884
W979BFV0,2,0,http://www.wikidata.org/entity/Q14877683
WEABZLPX,1,0,http://www.wikidata.org/entity/Q5145884
WEABZLPX,2,1,http://www.wikidata.org/entity/Q916333
WELOMUE9,1,0,http://www.wikidata.org/entity/Q5145884
WLP580UC,1,0,http://www.wikidata.org/entity/Q5145884
WRGNL330,1,0,http://www.wikidata.org/entity/Q5145884
WRGNL330,1,1,http://www.wikidata.org/entity/Q822930
WRGNL330,2,0,http://www.wikidata.org/entity/Q14877683
WRHURQSI,1,0,http://www.wikidata.org/entity/Q5145884
WRSATFQO,1,0,http://www.wikidata.org/entity/Q5145884
WRSATFQO,1,1,http://www.wikidata.org/entity/Q5506813
WW0HANTJ,1,0,http://www.wikidata.org/entity/Q5145884
WW0HANTJ,1,2,http://www.wikidata.org/entity/Q111074
WW0HANTJ,2,0,http://www.wikidata.org/entity/Q14877683
WW0HANTJ,2,1,http://www.wikidata.org/entity/Q674909
WW0HANTJ,2,2,http://www.wikidata.org/entity/Q674909
WZA5RZ2B,1,0,http://www.wikidata.org/entity/Q5145884
WZA5RZ2B,1,1,http://www.wikidata.org/entity/Q51844662
X0DMFIRM,1,0,http://www.wikidata.org/entity/Q5145884
X0DMFIRM,2,0,http://www.wikidata.org/entity/Q14877683
X0DMFIRM,3,0,http://www.wikidata.org/entity/Q5145885
X1KVGKMI,1,0,http://www.wikidata.org/entity/Q5145884
X1KVGKMI,1,1,http://www.wikidata.org/entity/Q2422891
X1KVGKMI,1,2,http://www.wikidata.org/entity/Q1648096
X1KVGKMI,1,3,http://www.wikidata.org/entity/Q735744
X1KVGKMI,2,0,http://www.wikidata.org/entity/Q14877683
X1KVGKMI,2,1,http://www.wikidata.org/entity/Q1152150
X1KVGKMI,2,2,http://www.wikidata.org/entity/Q1152150
X1KVGKMI,2,3,http://www.wikidata.org/entity/Q18281265
X1KVGKMI,3,0,http://www.wikidata.org/entity/Q5145885
X1KVGKMI,3,1,http://www.wikidata.org/entity/Q32884
X1KVGKMI,3,3,http://www.wikidata.org/entity/Q94998134
XI7RJ4PA,1,0,http://www.wikidata.org/entity/Q5145884
XI7RJ4PA,2,0,http://www.wikidata.org/entity/Q14877683
XI7RJ4PA,3,0,http://www.wikidata.org/entity/Q5145885
XIVETN6W,1,0,http://www.wikidata.org/entity/Q5145884
XP0KPX7L,1,0,http://www.wikidata.org/entity/Q5145884
XP0KPX7L,1,1,http://www.wikidata.org/entity/Q459464
XP0KPX7L,2,0,http://www.wikidata.org/entity/Q14877683
XP0KPX7L,2,1,http://www.wikidata.org/entity/Q12564
XPQYMX6R,1,0,http://www.wikidata.org/entity/Q5145884
XT6VVCAV,1,0,http://www.wikidata.org/entity/Q5145884
XT6VVCAV,1,2,http://www.wikidata.org/entity/Q29720093
XT6VVCAV,2,0,http://www.wikidata.org/entity/Q14877683
XT6VVCAV,2,2,http://www.wikidata.org/entity/Q500569
XZ049VK7,1,0,http://www.wikidata.org/entity/Q5145884
XZ049VK7,2,0,http://www.wikidata.org/entity/Q14877683
Y3OHOKFF,1,0,http://www.wikidata.org/entity/Q5145884
Y3OHOKFF,1,1,http://www.wikidata.org/entity/Q20970432
Y3OHOKFF,1,2,http://www.wikidata.org/entity/Q20970432
Y3OHOKFF,2,0,http://www.wikidata.org/entity/Q14877683
Y3OHOKFF,2,1,http://www.wikidata.org/entity/Q1218152
Y3OHOKFF,2,2,http://www.wikidata.org/entity/Q207659
Y4OS3SBS,1,0,http://www.wikidata.org/entity/Q5145884
Y51SJVL4,1,0,http://www.wikidata.org/entity/Q5145884
Y51SJVL4,2,0,http://www.wikidata.org/entity/Q14877683
Y79LGQYI,1,0,http://www.wikidata.org/entity/Q5145884
Y8J2NFNG,1,0,http://www.wikidata.org/entity/Q5145884
YBAD72I5,1,0,http://www.wikidata.org/entity/Q5145884
YGAZSUVP,1,0,http://www.wikidata.org/entity/Q5145884
YGSKQSKV,1,0,http://www.wikidata.org/entity/Q5145884
YGSKQSKV,1,1,http://www.wikidata.org/entity/Q43183
YGSKQSKV,1,2,http://www.wikidata.org/entity/Q43183
YGSKQSKV,2,0,http://www.wikidata.org/entity/Q14877683
YGSKQSKV,2,1,http://www.wikidata.org/entity/Q365
YGSKQSKV,2,2,http://www.wikidata.org/entity/Q365
YHUQWIBT,1,0,http://www.wikidata.org/entity/Q5145884
YK8GVYP2,1,0,http://www.wikidata.org/entity/Q5145884
YK8GVYP2,1,2,http://www.wikidata.org/entity/Q41421
YK8GVYP2,2,0,http://www.wikidata.org/entity/Q14877683
YK8GVYP2,2,1,http://www.wikidata.org/entity/Q1068487
YPRQXY29,1,0,http://www.wikidata.org/entity/Q5145884
YPRQXY29,1,1,http://www.wikidata.org/entity/Q289
YPRQXY29,1,2,http://www.wikidata.org/entity/Q309
YPRQXY29,2,0,http://www.wikidata.org/entity/Q14877683
YPRQXY29,2,1,http://www.wikidata.org/entity/Q36
YPRQXY29,2,2,http://www.wikidata.org/entity/Q34266
YRQP7ZQC,1,0,http://www.wikidata.org/entity/Q5145884
YRSQJEIL,1,0,http://www.wikidata.org/entity/Q5145884
YRSQJEIL,1,1,http://www.wikidata.org/entity/Q17297633
YSP9M89A,1,0,http://www.wikidata.org/entity/Q5145884
YSP9M89A,2,0,http://www.wikidata.org/entity/Q14877683
YX5E0PSR,1,0,http://www.wikidata.org/entity/Q5145884
YX5E0PSR,1,1,http://www.wikidata.org/entity/Q17410
YZ9MV0AZ,1,0,http://www.wikidata.org/entity/Q5145884
YZ9MV0AZ,2,0,http://www.wikidata.org/entity/Q14877683
Z08J73NC,1,0,http://www.wikidata.org/entity/Q5145884
Z6QJXJF5,1,0,http://www.wikidata.org/entity/Q5145884
Z6QJXJF5,1,1,http://www.wikidata.org/entity/Q113997817
ZAWYCL88,1,0,http://www.wikidata.org/entity/Q5145884
ZB2ILR19,1,0,http://www.wikidata.org/entity/Q5145884
ZDXHC5ZH,1,0,http://www.wikidata.org/entity/Q5145884
ZDXHC5ZH,1,1,http://www.wikidata.org/entity/Q7788498
ZDXHC5ZH,1,2,http://www.wikidata.org/entity/Q315607
ZDXHC5ZH,2,0,http://www.wikidata.org/entity/Q14877683
ZDXHC5ZH,2,1,http://www.wikidata.org/entity/Q1137269
ZDXHC5ZH,2,2,http://www.wikidata.org/entity/Q674909
ZMH90F01,1,0,http://www.wikidata.org/entity/Q5145884
ZWGLJS7X,1,0,http://www.wikidata.org/entity/Q5145884
ZWGLJS7X,1,1,http://www.wikidata.org/entity/Q27564
ZWGLJS7X,1,2,http://www.wikidata.org/entity/Q246
ZWGLJS7X,2,0,http://www.wikidata.org/entity/Q14877683
ZWGLJS7X,2,1,http://www.wikidata.org/entity/Q274586
ZWGLJS7X,2,2,http://www.wikidata.org/entity/Q686
ZZB2QYQP,1,0,http://www.wikidata.org/entity/Q5145884
